{
  "resources": [
    "../../assets/sounds/ouch.ogg",
    "../../assets/sounds/ouch.m4a"

  ],
  "spritemap": {
    
    "ouchmale-1": {
      "start": 0,
      "end": 1.62,
      "loop": false
    },
    "ouchmale-2": {
      "start": 1.63,
      "end": 2.078,
      "loop": false
    },
    "ouchmale-3": {
      "start": 2.079,
      "end": 2.775,
      "loop": false
    },
    "ouchfemale-1": {
      "start": 2.776,
      "end": 3.297,
      "loop": false
    },
    "ouchfemale-2": {
      "start": 3.297,
      "end": 4.5,
      "loop": false
    },
    "ouchfemale-3": {
      "start": 4.5,
      "end": 5.3,
      "loop": false
    }
  }
}