{
  "resources": [
    "../../assets/sounds/sfx.ogg",
    "../../assets/sounds/sfx.m4a"

  ],
  "spritemap": {
    "pirla": {
      "start": 0,
      "end": 0.4,
      "loop": false
    },
    "comunisti": {
      "start": 0.41,
      "end": 1.123,
      "loop": false
    },
    "cretino": {
      "start": 1.131,
      "end": 1.734,
      "loop": false
    },
    "merda": {
      "start": 1.735,
      "end": 2.563,
      "loop": false
    },
    "buzz": {
      "start": 2.564,
      "end": 3.232,
      "loop": false
    },
    
    "slurp": {
      "start": 3.323,
      "end": 4.01,
      "loop": false
    },
    
    "burp": {
      "start": 4.033,
      "end":4.599,
      "loop": false
    },
    "ouch1": {
      "start": 4.604,
      "end":5.648,
      "loop": false
    },
    "ouch2": {
      "start": 5.876,
      "end":6.680,
      "loop": false
    },
    "ouch3": {
      "start": 6.690,
      "end":7.342,
      "loop": false
    },
    "ouch4": {
      "start": 7.429,
      "end":7.839,
      "loop": false
    },
    "ouch5": {
      "start": 8.0,
      "end":9.092,
      "loop": false
    },
    "ouch6": {
      "start": 9.218,
      "end":9.865,
      "loop": false
    },
    "bonus": {
      "start": 9.943,
      "end":10.574,
      "loop": false
    },
    "cat": {
      "start": 10.946,
      "end":12.328,
      "loop": false
    },
    
    "explosion": {
      "start": 12.368,
      "end":15.385,
      "loop": false
    },
    "falling": {
      "start": 15.699,
      "end":18.541,
      "loop": false
    },
    "helicopter": {
      "start": 18.736,
      "end":20.0,
      "loop": false
    },
    
    "squish1": {
      "start": 20.520,
      "end":21.086,
      "loop": false
    },
    
    "squish2": {
      "start": 21.881,
      "end":22.391,
      "loop": false
    }
    ,
    
    "squish3": {
      "start": 23.403,
      "end":24.220,
      "loop": false
    },
    
    "squish4": {
      "start": 24.892,
      "end":25.578,
      "loop": false
    },
    
    "squish5": {
      "start": 26.589,
      "end":27.015,
      "loop": false
    },
    "cannon": {
      "start": 27.467,
      "end":28.248,
      "loop": false
    }

  }
}