{
  "frames": {
    "cloud": {
      "frame": { "x": 2, "y": 2, "w": 128, "h": 128 },
      "rotated": false,
      "trimmed": false,
      "spriteSourceSize": { "x": 0, "y": 0, "w": 128, "h": 128 },
      "sourceSize": { "w": 128, "h": 128 },
      "pivot": { "x": 0.5, "y": 0.5 }
    },
    "muzzleflash1": {
      "frame": { "x": 2, "y": 132, "w": 128, "h": 128 },
      "rotated": false,
      "trimmed": false,
      "spriteSourceSize": { "x": 0, "y": 0, "w": 128, "h": 128 },
      "sourceSize": { "w": 128, "h": 128 },
      "pivot": { "x": 0.5, "y": 0.5 }
    },
    "muzzleflash2": {
      "frame": { "x": 2, "y": 262, "w": 128, "h": 128 },
      "rotated": false,
      "trimmed": false,
      "spriteSourceSize": { "x": 0, "y": 0, "w": 128, "h": 128 },
      "sourceSize": { "w": 128, "h": 128 },
      "pivot": { "x": 0.5, "y": 0.5 }
    },
    "muzzleflash3": {
      "frame": { "x": 132, "y": 2, "w": 128, "h": 128 },
      "rotated": false,
      "trimmed": false,
      "spriteSourceSize": { "x": 0, "y": 0, "w": 128, "h": 128 },
      "sourceSize": { "w": 128, "h": 128 },
      "pivot": { "x": 0.5, "y": 0.5 }
    },
    "muzzleflash7": {
      "frame": { "x": 132, "y": 132, "w": 128, "h": 128 },
      "rotated": false,
      "trimmed": false,
      "spriteSourceSize": { "x": 0, "y": 0, "w": 128, "h": 128 },
      "sourceSize": { "w": 128, "h": 128 },
      "pivot": { "x": 0.5, "y": 0.5 }
    },
    "red": {
      "frame": { "x": 132, "y": 262, "w": 128, "h": 128 },
      "rotated": false,
      "trimmed": false,
      "spriteSourceSize": { "x": 0, "y": 0, "w": 128, "h": 128 },
      "sourceSize": { "w": 128, "h": 128 },
      "pivot": { "x": 0.5, "y": 0.5 }
    },
    "smoke-puff": {
      "frame": { "x": 262, "y": 2, "w": 128, "h": 128 },
      "rotated": false,
      "trimmed": false,
      "spriteSourceSize": { "x": 0, "y": 0, "w": 128, "h": 128 },
      "sourceSize": { "w": 128, "h": 128 },
      "pivot": { "x": 0.5, "y": 0.5 }
    },
    "smoke0": {
      "frame": { "x": 262, "y": 132, "w": 128, "h": 128 },
      "rotated": false,
      "trimmed": false,
      "spriteSourceSize": { "x": 0, "y": 0, "w": 128, "h": 128 },
      "sourceSize": { "w": 128, "h": 128 },
      "pivot": { "x": 0.5, "y": 0.5 }
    },
    "stone": {
      "frame": { "x": 262, "y": 262, "w": 128, "h": 128 },
      "rotated": false,
      "trimmed": false,
      "spriteSourceSize": { "x": 0, "y": 0, "w": 128, "h": 128 },
      "sourceSize": { "w": 128, "h": 128 },
      "pivot": { "x": 0.5, "y": 0.5 }
    },
    "white-smoke": {
      "frame": { "x": 392, "y": 2, "w": 128, "h": 128 },
      "rotated": false,
      "trimmed": false,
      "spriteSourceSize": { "x": 0, "y": 0, "w": 128, "h": 128 },
      "sourceSize": { "w": 128, "h": 128 },
      "pivot": { "x": 0.5, "y": 0.5 }
    }
  },
  "meta": {
    "app": "http://www.codeandweb.com/texturepacker",
    "version": "1.0",
    "image": "explosionParticles.png",
    "format": "RGBA8888",
    "size": { "w": 522, "h": 392 },
    "scale": "1",
    "smartupdate": "$TexturePacker:SmartUpdate:b5294d5f3442ed45b0f28e9f9fdbc9cc:0e6d089002d092bf88487ee2930dd6f7:900e1fb3093a9a6ecb2b2b49071c44f7$"
  }
}
