{
	"frames": [
		{
			"filename": "btn",
			"frame": {
				"x": 1,
				"y": 1,
				"w": 90,
				"h": 90
			},
			"rotated": false,
			"trimmed": false,
			"spriteSourceSize": {
				"x": 0,
				"y": 0,
				"w": 90,
				"h": 90
			},
			"sourceSize": {
				"w": 90,
				"h": 90
			}
		},
		{
			"filename": "btn-2",
			"frame": {
				"x": 93,
				"y": 1,
				"w": 90,
				"h": 90
			},
			"rotated": false,
			"trimmed": false,
			"spriteSourceSize": {
				"x": 0,
				"y": 0,
				"w": 90,
				"h": 90
			},
			"sourceSize": {
				"w": 90,
				"h": 90
			}
		},
		{
			"filename": "btn-2-clicked",
			"frame": {
				"x": 1,
				"y": 93,
				"w": 90,
				"h": 90
			},
			"rotated": false,
			"trimmed": false,
			"spriteSourceSize": {
				"x": 0,
				"y": 0,
				"w": 90,
				"h": 90
			},
			"sourceSize": {
				"w": 90,
				"h": 90
			}
		},
		{
			"filename": "btn-clicked",
			"frame": {
				"x": 93,
				"y": 93,
				"w": 90,
				"h": 90
			},
			"rotated": false,
			"trimmed": false,
			"spriteSourceSize": {
				"x": 0,
				"y": 0,
				"w": 90,
				"h": 90
			},
			"sourceSize": {
				"w": 90,
				"h": 90
			}
		}
	],
	"meta": {
		"app": "http://www.codeandweb.com/texturepacker",
		"version": "1.0",
		"image": "spritesheet",
		"format": "RGBA8888",
		"size": {
			"w": 184,
			"h": 184
		},
		"scale": "1"
	}
}